,upvote_ratio,ups,downs,score,compound,positive,negative,neutral
count,200.0,200.0,200.0,200.0,200.0,200.0,200.0,200.0
mean,0.56,8.8,0.0,8.8,0.32472,0.0571,0.028900000000000002,0.514
std,0.1002509414234171,14.126492450170481,0.0,14.126492450170481,0.4609595406220076,0.058917282958023266,0.038908344818077416,0.4236927871576848
min,0.4,0.0,0.0,0.0,-0.4528,0.0,0.0,0.0
25%,0.48,0.0,0.0,0.0,0.0,0.0,0.0,0.0
50%,0.565,1.0,0.0,1.0,0.2288,0.0405,0.0,0.7765
75%,0.67,12.0,0.0,12.0,0.6479,0.115,0.069,0.89
max,0.71,39.0,0.0,39.0,0.993,0.141,0.109,0.931
