,upvote_ratio,ups,downs,score,compound,positive,negative,neutral
count,210.0,210.0,210.0,210.0,210.0,210.0,210.0,210.0
mean,0.6980000000000001,7.2,0.0,7.2,0.23008,0.058600000000000006,0.012,0.42939999999999995
std,0.12843109224228164,13.152328009041451,0.0,13.152328009041451,0.30391734487644234,0.09454844584888844,0.02406152401239462,0.44030423583664713
min,0.36,0.0,0.0,0.0,0.0,0.0,0.0,0.0
25%,0.67,1.0,0.0,1.0,0.0,0.0,0.0,0.0
50%,0.71,2.5,0.0,2.5,0.0,0.0,0.0,0.3185
75%,0.8,6.0,0.0,6.0,0.5095,0.078,0.0,0.922
max,0.85,46.0,0.0,46.0,0.8264,0.302,0.061,1.0
