,upvote_ratio,ups,downs,score,compound,positive,negative,neutral
count,243.0,243.0,243.0,243.0,243.0,243.0,243.0,243.0
mean,0.9122222222222223,38.55555555555556,0.0,38.55555555555556,0.1394222222222222,0.04455555555555555,0.01922222222222222,0.26966666666666667
std,0.07957531906916036,41.33805402705601,0.0,41.33805402705601,0.24081432921864263,0.06386206727286266,0.03686898851405591,0.3836804584740745
min,0.75,1.0,0.0,1.0,0.0,0.0,0.0,0.0
25%,0.86,12.0,0.0,12.0,0.0,0.0,0.0,0.0
50%,0.92,15.0,0.0,15.0,0.0,0.0,0.0,0.0
75%,0.98,52.0,0.0,52.0,0.25,0.111,0.0,0.748
max,1.0,130.0,0.0,130.0,0.7548,0.15,0.103,0.889
