,upvote_ratio,ups,downs,score,compound,positive,negative,neutral
count,100.0,100.0,100.0,100.0,100.0,100.0,100.0,100.0
mean,0.7529999999999998,8.6,0.0,8.6,0.4195199999999999,0.14559999999999998,0.022,0.6322000000000001
std,0.11634587932696042,9.300809131739587,0.0,9.300809131739587,0.35365353644263736,0.12770246353112846,0.02900017415482364,0.3343254326991815
min,0.6,1.0,0.0,1.0,0.0,0.0,0.0,0.0
25%,0.64,2.0,0.0,2.0,0.0,0.0,0.0,0.633
50%,0.75,3.0,0.0,3.0,0.4749,0.1575,0.0,0.7324999999999999
75%,0.87,16.0,0.0,16.0,0.743,0.225,0.05,0.809
max,0.94,28.0,0.0,28.0,0.9259,0.367,0.081,1.0
