,upvote_ratio,ups,downs,score,compound,positive,negative,neutral
count,48.0,48.0,48.0,48.0,48.0,48.0,48.0,48.0
mean,0.9283333333333333,18.333333333333332,0.0,18.333333333333332,0.17665,0.08283333333333333,0.0545,0.6960000000000001
std,0.05904680196839653,21.21955474429422,0.0,21.21955474429422,0.6240547377792118,0.08246710068285087,0.05881597698700729,0.33615244768572844
min,0.84,2.0,0.0,2.0,-0.9759,0.0,0.0,0.0
25%,0.88,6.0,0.0,6.0,0.0,0.0,0.0,0.617
50%,0.925,10.0,0.0,10.0,0.2288,0.075,0.0295,0.8235
75%,1.0,18.0,0.0,18.0,0.6046,0.104,0.128,0.912
max,1.0,64.0,0.0,64.0,0.9736,0.243,0.14,1.0
