,upvote_ratio,ups,downs,score,compound,positive,negative,neutral
count,96.0,96.0,96.0,96.0,96.0,96.0,96.0,96.0
mean,0.9199999999999999,66.125,0.0,66.125,0.27958750000000004,0.06250000000000001,0.018375000000000006,0.419125
std,0.117983049630021,91.4064664302431,0.0,91.4064664302431,0.3451258093263352,0.06676021506698038,0.027178648740664446,0.42223239422957837
min,0.67,1.0,0.0,1.0,0.0,0.0,0.0,0.0
25%,0.8999999999999999,1.75,0.0,1.75,0.0,0.0,0.0,0.0
50%,0.985,7.5,0.0,7.5,0.125,0.041,0.0,0.395
75%,1.0,107.0,0.0,107.0,0.42735,0.11825000000000001,0.029249999999999998,0.825
max,1.0,228.0,0.0,228.0,0.9137,0.167,0.07,0.889
