,upvote_ratio,ups,downs,score,compound,positive,negative,neutral
count,80.0,80.0,80.0,80.0,80.0,80.0,80.0,80.0
mean,0.532,87.8,0.0,87.8,0.39224,0.078,0.041100000000000005,0.5810000000000001
std,0.15601363134212654,254.8096534546344,0.0,254.8096534546344,0.4310563068156753,0.07465159582683863,0.03949157897737924,0.3913489814940825
min,0.31,0.0,0.0,0.0,0.0,0.0,0.0,0.0
25%,0.43,0.0,0.0,0.0,0.0,0.0,0.0,0.0
50%,0.495,0.0,0.0,0.0,0.13665,0.07,0.0445,0.768
75%,0.6,1.0,0.0,1.0,0.8888,0.146,0.057,0.853
max,0.87,847.0,0.0,847.0,0.968,0.199,0.113,1.0
