,upvote_ratio,ups,downs,score,compound,positive,negative,neutral
count,60.0,60.0,60.0,60.0,60.0,60.0,60.0,60.0
mean,0.906,24.3,0.0,24.3,0.23334999999999997,0.07250000000000001,0.0343,0.5932
std,0.08439616024681917,45.83918093154126,0.0,45.83918093154126,0.5269513010979417,0.08197343513478382,0.09170924948268831,0.39891143403441043
min,0.78,2.0,0.0,2.0,-0.8738,0.0,0.0,0.0
25%,0.82,3.0,0.0,3.0,0.0,0.0,0.0,0.0
50%,0.925,7.5,0.0,7.5,0.08275,0.043,0.0,0.7949999999999999
75%,1.0,15.0,0.0,15.0,0.7823,0.116,0.0,0.884
max,1.0,159.0,0.0,159.0,0.9706,0.227,0.305,1.0
