,upvote_ratio,ups,downs,score,compound,positive,negative,neutral
count,10.0,10.0,10.0,10.0,10.0,10.0,10.0,10.0
mean,0.4999999999999999,12.1,0.0,12.1,0.31557,0.0755,0.026000000000000002,0.6984000000000001
std,0.09614803401237307,32.6749989373459,0.0,32.6749989373459,0.4148014760768765,0.0866887792303274,0.024734141945452197,0.3770043324242663
min,0.38,0.0,0.0,0.0,-0.296,0.0,0.0,0.0
25%,0.45,0.0,0.0,0.0,0.0,0.0,0.0,0.72
50%,0.485,0.0,0.0,0.0,0.27685,0.064,0.026,0.8705
75%,0.5225,0.75,0.0,0.75,0.596725,0.12400000000000001,0.04925,0.89775
max,0.68,104.0,0.0,104.0,0.9354,0.264,0.058,1.0
