,upvote_ratio,ups,downs,score,compound,positive,negative,neutral
count,30.0,30.0,30.0,30.0,30.0,30.0,30.0,30.0
mean,0.6649999999999999,16.2,0.0,16.2,0.25517,0.0683,0.046200000000000005,0.3856
std,0.24322190804227345,20.67382152751939,0.0,20.67382152751939,0.4934765187789657,0.10251901421620316,0.0960482637298418,0.396479907739824
min,0.25,0.0,0.0,0.0,-0.6369,0.0,0.0,0.0
25%,0.5,0.0,0.0,0.0,0.0,0.0,0.0,0.0
50%,0.785,6.5,0.0,6.5,0.0,0.0,0.0,0.3395
75%,0.86,31.0,0.0,31.0,0.743,0.105,0.05,0.772
max,0.91,59.0,0.0,59.0,0.9854,0.313,0.321,0.888
