,upvote_ratio,ups,downs,score,compound,positive,negative,neutral
count,140.0,140.0,140.0,140.0,140.0,140.0,140.0,140.0
mean,0.6009999999999999,4.4,0.0,4.4,0.10705,0.0523,0.020300000000000002,0.2274
std,0.16481207960199343,7.09929573971954,0.0,7.09929573971954,0.25581919354140076,0.08202234298166225,0.047294683108777796,0.34973146532979643
min,0.35,0.0,0.0,0.0,-0.1012,0.0,0.0,0.0
25%,0.5,0.0,0.0,0.0,0.0,0.0,0.0,0.0
50%,0.6,1.0,0.0,1.0,0.0,0.0,0.0,0.0
75%,0.73,5.0,0.0,5.0,0.0,0.137,0.0,0.708
max,0.85,24.0,0.0,24.0,0.7698,0.214,0.155,0.828
