,upvote_ratio,ups,downs,score,compound,positive,negative,neutral
count,50.0,50.0,50.0,50.0,50.0,50.0,50.0,50.0
mean,0.78,32.0,0.0,32.0,0.0,0.0,0.0,0.2
std,0.3071262453979551,39.07084094622098,0.0,39.07084094622098,0.0,0.0,0.0,0.4040610178208843
min,0.2,0.0,0.0,0.0,0.0,0.0,0.0,0.0
25%,0.75,2.0,0.0,2.0,0.0,0.0,0.0,0.0
50%,0.96,4.0,0.0,4.0,0.0,0.0,0.0,0.0
75%,0.99,58.0,0.0,58.0,0.0,0.0,0.0,0.0
max,1.0,96.0,0.0,96.0,0.0,0.0,0.0,1.0
