,upvote_ratio,ups,downs,score,compound,positive,negative,neutral
count,50.0,50.0,50.0,50.0,50.0,50.0,50.0,50.0
mean,0.8869999999999999,101.5,0.0,101.5,0.48849,0.09090000000000002,0.014499999999999999,0.4947
std,0.1303879611320127,187.97104097412972,0.0,187.97104097412972,0.47855777688417783,0.08461009010123305,0.020057315831569958,0.41096155289659847
min,0.67,1.0,0.0,1.0,0.0,0.0,0.0,0.0
25%,0.74,20.0,0.0,20.0,0.0,0.0,0.0,0.0
50%,0.96,42.5,0.0,42.5,0.503,0.0935,0.0,0.747
75%,0.97,67.0,0.0,67.0,0.9601,0.194,0.023,0.856
max,1.0,653.0,0.0,653.0,0.9831,0.208,0.054,0.897
