,upvote_ratio,ups,downs,score,compound,positive,negative,neutral
count,18.0,18.0,18.0,18.0,18.0,18.0,18.0,18.0
mean,0.9288888888888889,2.5,0.0,2.5,-0.4217,0.0,0.0825,0.9175
std,0.0818095988103862,1.5434872662825796,0.0,1.5434872662825796,0.4339257201275759,0.0,0.08489179964554187,0.08489179964554189
min,0.84,1.0,0.0,1.0,-0.8434,0.0,0.0,0.835
25%,0.84,1.0,0.0,1.0,-0.8434,0.0,0.0,0.835
50%,1.0,2.5,0.0,2.5,-0.4217,0.0,0.0825,0.9175
75%,1.0,4.0,0.0,4.0,0.0,0.0,0.165,1.0
max,1.0,4.0,0.0,4.0,0.0,0.0,0.165,1.0
