,upvote_ratio,ups,downs,score,compound,positive,negative,neutral
count,70.0,70.0,70.0,70.0,70.0,70.0,70.0,70.0
mean,0.6299999999999999,4.5,0.0,4.5,0.23457000000000003,0.0701,0.023899999999999998,0.406
std,0.16805796101604223,5.612486080160912,0.0,5.612486080160912,0.4496971974304616,0.09550281124931213,0.04664300124581811,0.41470796429797907
min,0.33,0.0,0.0,0.0,-0.34,0.0,0.0,0.0
25%,0.5,0.0,0.0,0.0,0.0,0.0,0.0,0.0
50%,0.65,1.5,0.0,1.5,0.0,0.0,0.0,0.369
75%,0.77,7.0,0.0,7.0,0.7698,0.155,0.038,0.765
max,0.87,17.0,0.0,17.0,0.9646,0.25,0.153,1.0
