,upvote_ratio,ups,downs,score,compound,positive,negative,neutral
count,310.0,310.0,310.0,310.0,310.0,310.0,310.0,310.0
mean,0.49403225806451617,0.5193548387096775,0.0,0.5193548387096775,0.18969,0.05450000000000001,0.039200000000000006,0.7061000000000001
std,0.05868184409678904,0.6999395974118444,0.0,0.6999395974118444,0.4981296904827628,0.06475628944476144,0.04033121768234999,0.3618636403049597
min,0.4,0.0,0.0,0.0,-0.7506,0.0,0.0,0.0
25%,0.45,0.0,0.0,0.0,0.0,0.0,0.0,0.683
50%,0.5,0.0,0.0,0.0,0.03555,0.035500000000000004,0.0345,0.8845000000000001
75%,0.54,1.0,0.0,1.0,0.631,0.073,0.058,0.915
max,0.58,2.0,0.0,2.0,0.9374,0.199,0.117,1.0
