,upvote_ratio,ups,downs,score,compound,positive,negative,neutral
count,60.0,60.0,60.0,60.0,60.0,60.0,60.0,60.0
mean,0.522,0.7,0.0,0.7,0.07314,0.07210000000000001,0.029,0.4989
std,0.08695995571701429,1.2795656042552956,0.0,1.2795656042552956,0.5495559141522007,0.07366361933518689,0.04680721369871624,0.4111734633328768
min,0.35,0.0,0.0,0.0,-0.9797,0.0,0.0,0.0
25%,0.5,0.0,0.0,0.0,0.0,0.0,0.0,0.0
50%,0.5,0.0,0.0,0.0,0.0,0.047,0.0,0.8055000000000001
75%,0.6,1.0,0.0,1.0,0.644,0.157,0.061,0.838
max,0.67,4.0,0.0,4.0,0.7076,0.174,0.117,0.871
