,upvote_ratio,ups,downs,score,compound,positive,negative,neutral
count,48.0,48.0,48.0,48.0,48.0,48.0,48.0,48.0
mean,0.94,128.75,0.0,128.75,0.9626,0.15125,0.024749999999999998,0.82425
std,0.032746609374588904,201.44758042621032,0.0,201.44758042621032,0.021548046265783383,0.05260551706363045,0.019430728022628532,0.0599419932367242
min,0.9,11.0,0.0,11.0,0.9288,0.081,0.0,0.738
25%,0.9225,13.25,0.0,13.25,0.952275,0.11175,0.0165,0.789
50%,0.935,15.0,0.0,15.0,0.96925,0.158,0.0225,0.831
75%,0.9524999999999999,130.5,0.0,130.5,0.979575,0.1975,0.03075,0.86625
max,0.99,474.0,0.0,474.0,0.9831,0.208,0.054,0.897
