,upvote_ratio,ups,downs,score,compound,positive,negative,neutral
count,4.0,4.0,4.0,4.0,4.0,4.0,4.0,4.0
mean,0.69,2.5,0.0,2.5,0.0,0.0,0.0,0.0
std,0.35795716689756796,2.886751345948129,0.0,2.886751345948129,0.0,0.0,0.0,0.0
min,0.38,0.0,0.0,0.0,0.0,0.0,0.0,0.0
25%,0.38,0.0,0.0,0.0,0.0,0.0,0.0,0.0
50%,0.69,2.5,0.0,2.5,0.0,0.0,0.0,0.0
75%,1.0,5.0,0.0,5.0,0.0,0.0,0.0,0.0
max,1.0,5.0,0.0,5.0,0.0,0.0,0.0,0.0
