,upvote_ratio,ups,downs,score,compound,positive,negative,neutral
count,50.0,50.0,50.0,50.0,50.0,50.0,50.0,50.0
mean,0.48100000000000004,12.5,0.0,12.5,0.24034,0.057800000000000004,0.051699999999999996,0.49040000000000006
std,0.12367254327126806,37.8807204207079,0.0,37.8807204207079,0.44766869172527624,0.07213196523153424,0.10817035883555276,0.4139043071897224
min,0.33,0.0,0.0,0.0,-0.4019,0.0,0.0,0.0
25%,0.4,0.0,0.0,0.0,0.0,0.0,0.0,0.0
50%,0.5,0.0,0.0,0.0,0.0,0.0,0.0,0.6815
75%,0.5,0.0,0.0,0.0,0.6597,0.133,0.036,0.838
max,0.79,125.0,0.0,125.0,0.9873,0.162,0.351,1.0
