,upvote_ratio,ups,downs,score,compound,positive,negative,neutral
count,7.0,7.0,7.0,7.0,7.0,7.0,7.0,7.0
mean,0.9699999999999999,52.0,0.0,52.0,0.0,0.0,0.0,0.0
std,1.199177923332954e-16,0.0,0.0,0.0,0.0,0.0,0.0,0.0
min,0.97,52.0,0.0,52.0,0.0,0.0,0.0,0.0
25%,0.97,52.0,0.0,52.0,0.0,0.0,0.0,0.0
50%,0.97,52.0,0.0,52.0,0.0,0.0,0.0,0.0
75%,0.97,52.0,0.0,52.0,0.0,0.0,0.0,0.0
max,0.97,52.0,0.0,52.0,0.0,0.0,0.0,0.0
