,upvote_ratio,ups,downs,score,compound,positive,negative,neutral
count,24.0,24.0,24.0,24.0,24.0,24.0,24.0,24.0
mean,0.9400000000000001,173.83333333333334,0.0,173.83333333333334,0.3242833333333333,0.06866666666666667,0.003833333333333333,0.42766666666666664
std,0.06593804733957868,184.7229810016743,0.0,184.7229810016743,0.4685085101233178,0.11088053370011883,0.008755950357709132,0.44515621749113476
min,0.8,16.0,0.0,16.0,0.0,0.0,0.0,0.0
25%,0.94,20.0,0.0,20.0,0.0,0.0,0.0,0.0
50%,0.965,85.0,0.0,85.0,0.0,0.0,0.0,0.355
75%,0.98,343.0,0.0,343.0,0.9626,0.122,0.0,0.856
max,0.99,494.0,0.0,494.0,0.9831,0.29,0.023,1.0
