,upvote_ratio,ups,downs,score,compound,positive,negative,neutral
count,70.0,70.0,70.0,70.0,70.0,70.0,70.0,70.0
mean,0.818,14.3,0.0,14.3,0.15960999999999997,0.039700000000000006,0.0,0.3603
std,0.11050083611723802,17.82552314414135,0.0,17.82552314414135,0.2857458793748567,0.06273462627077117,0.0,0.4461876952811337
min,0.67,1.0,0.0,1.0,0.0,0.0,0.0,0.0
25%,0.72,4.0,0.0,4.0,0.0,0.0,0.0,0.0
50%,0.7949999999999999,7.5,0.0,7.5,0.0,0.0,0.0,0.0
75%,0.92,12.0,0.0,12.0,0.1655,0.113,0.0,0.885
max,1.0,62.0,0.0,62.0,0.782,0.169,0.0,1.0
