,upvote_ratio,ups,downs,score,compound,positive,negative,neutral
count,6.0,6.0,6.0,6.0,6.0,6.0,6.0,6.0
mean,0.9466666666666667,2.0,0.0,2.0,0.0,0.0,0.0,0.0
std,0.08262364471909157,1.5491933384829668,0.0,1.5491933384829668,0.0,0.0,0.0,0.0
min,0.84,1.0,0.0,1.0,0.0,0.0,0.0,0.0
25%,0.88,1.0,0.0,1.0,0.0,0.0,0.0,0.0
50%,1.0,1.0,0.0,1.0,0.0,0.0,0.0,0.0
75%,1.0,3.25,0.0,3.25,0.0,0.0,0.0,0.0
max,1.0,4.0,0.0,4.0,0.0,0.0,0.0,0.0
