,upvote_ratio,ups,downs,score,compound,positive,negative,neutral
count,130.0,130.0,130.0,130.0,130.0,130.0,130.0,130.0
mean,0.536,18.9,0.0,18.9,0.09237,0.0818,0.056600000000000004,0.5619
std,0.17061039527749822,48.991353453219624,0.0,48.991353453219624,0.6259698897642545,0.07383833167675312,0.0665848645417749,0.3730074473974393
min,0.25,0.0,0.0,0.0,-0.9537,0.0,0.0,0.0
25%,0.5,0.0,0.0,0.0,-0.2484,0.0,0.0,0.0
50%,0.5,0.0,0.0,0.0,0.0,0.09,0.027,0.785
75%,0.64,3.0,0.0,3.0,0.644,0.134,0.108,0.823
max,0.86,164.0,0.0,164.0,0.9707,0.221,0.175,0.883
