,upvote_ratio,ups,downs,score,compound,positive,negative,neutral
count,30.0,30.0,30.0,30.0,30.0,30.0,30.0,30.0
mean,0.7749999999999999,12.2,0.0,12.2,0.21531,0.10220000000000001,0.028000000000000004,0.5698000000000001
std,0.182525387936526,14.61789172968146,0.0,14.61789172968146,0.4935118077405143,0.1118664228074007,0.04529672287757996,0.38885582826082704
min,0.31,0.0,0.0,0.0,-0.8859,0.0,0.0,0.0
25%,0.7,2.0,0.0,2.0,0.0,0.0,0.0,0.0
50%,0.83,6.5,0.0,6.5,0.20195,0.0985,0.0,0.7845
75%,0.9,11.0,0.0,11.0,0.6249,0.151,0.068,0.83
max,0.95,41.0,0.0,41.0,0.9325,0.366,0.123,1.0
