,upvote_ratio,ups,downs,score,compound,positive,negative,neutral
count,60.0,60.0,60.0,60.0,60.0,60.0,60.0,60.0
mean,0.43299999999999994,0.0,0.0,0.0,0.03581999999999999,0.029500000000000002,0.0125,0.3581
std,0.09319743940615753,0.0,0.0,0.0,0.344458474927171,0.05507821864849593,0.037816461306720804,0.44414300262377326
min,0.24,0.0,0.0,0.0,-0.7419,0.0,0.0,0.0
25%,0.33,0.0,0.0,0.0,0.0,0.0,0.0,0.0
50%,0.5,0.0,0.0,0.0,0.0,0.0,0.0,0.0
75%,0.5,0.0,0.0,0.0,0.0,0.025,0.0,0.851
max,0.5,0.0,0.0,0.0,0.6597,0.162,0.125,1.0
